catID,a,b,c,d,e,f,g,h,i,j,k,l,m,n,o,p,q,r,s,t
angry_01_MN,-10.42716509,0.246018614,-8.476266049,-7.853948915,-11.16358816,-0.856673598,-6.889231556,-11.19666804,-8.72705493,77.33862777,39.09842927,-7.743279191,13.44878689,-15.03394475,2.398549606,0.341888899,0.155998928,0.133688915,-0.232492039,0.040647168