catID,a,b,c,d,e,f,g,h,i,j,k,l,m,n,o,p,q,r,s,t
userInput,-23.8980452657339,0.9086541747309999,-0.08988046663386419,-2.626094669583288,-8.325684873787313,-0.44055375503018,-4.569790374807162,-0.5547632138742054,-2.150252257836096,-0.10333524262364141,-9.942285846056516,3.39380745041713,-5.434386341065975,-1.978502850900123,5.96822884590856,-4.923107122695991,34.28296915065227,0.16283384614393026,-0.7857839894463234,-0.17562672733134357
