catID,a,b,c,d,e,f,g,h,i,j,k,l,m,n,o,p,q,r,s,t
userInput,-23.898045265733863,0.9086541747309548,-0.08988046663383839,-2.6260946695831136,-8.325684873787377,-0.4405537550302071,-4.56979037480714,-0.5547632138742689,-2.1502522578360765,-0.1033352426234308,-9.942285846056533,3.393807450417198,-5.434386341065924,-1.9785028509001414,5.968228845908527,-4.923107122694956,34.282969150655575,0.16283384464299033,-0.7857839866422541,-0.1756267239551718
