catID,a,b,c,d,e,f,g,h,i,j,k,l,m,n,o,p,q,r,s,t
userInput,-23.89804526573391,0.9086541747310101,-0.08988046663387753,-2.626094669583158,-8.325684873787372,-0.4405537550301978,-4.56979037480715,-0.5547632138742209,-2.1502522578360774,-0.1033352426233764,-9.942285846056507,3.3938074504175373,-5.434386341065773,-1.978502850900093,5.968228845908538,-4.923107122694827,34.28296915065381,0.16283384494591935,-0.7857839873380339,-0.1756267239808834
