catID,a,b,c,d,e,f,g,h,i,j,k,l,m,n,o,p,q,r,s,t
userInput,-23.8980452657339,0.9086541747310218,-0.08988046663385413,-2.626094669583038,-8.325684873787424,-0.44055375503016303,-4.569790374807153,-0.5547632138742675,-2.150252257836091,-0.10333524262360799,-9.942285846056516,3.3938074504172366,-5.434386341065881,-1.9785028509001346,5.9682288459085235,-4.923107122695004,34.28296915065634,0.16283384460105313,-0.7857839868661218,-0.17562671657192008
