catID,a,b,c,d,e,f,g,h,i,j,k,l,m,n,o,p,q,r,s,t
userInput,-23.898045266792273,0.908654176872466,-0.08988047011991292,-2.626094678579155,-8.325684876152444,-0.44055375626203636,-4.5697903764761785,-0.5547631992243693,-2.1502522429227526,-0.10333523554910401,-9.94228585395815,3.3938074682201647,-5.434386357804555,-1.9785028510638514,5.968228964734866,-4.9231071430635,34.282969166427364,0.16283384410284885,-0.7857839853735961,-0.17562672948201621
