catID,a,b,c,d,e,f,g,h,i,j,k,l,m,n,o,p,q,r,s,t
userInput,-23.8980452657339,0.9086541747310211,-0.08988046663385968,-2.62609466958335,-8.325684873787306,-0.4405537550301842,-4.569790374807151,-0.5547632138742435,-2.1502522578360876,-0.10333524262349886,-9.942285846056507,3.3938074504172406,-5.434386341065915,-1.9785028509001517,5.968228845908537,-4.923107122694998,34.28296915065613,0.16283384487573102,-0.7857839869272423,-0.17562672110504343
