catID,a,b,c,d,e,f,g,h,i,j,k,l,m,n,o,p,q,r,s,t
userInput,-23.89804527,0.908654177,-0.08988047,-2.626094679,-8.325684876,-0.440553756,-4.569790376,-0.554763199,-2.150252243,-0.103335236,-9.942285854,3.393807468,-5.434386358,-1.978502851,5.968228965,-4.923107143,34.28296917,0.162833845,-0.785783985,-0.175626718