catID,a,b,c,d,e,f,g,h,i,j,k,l,m,n,o,p,q,r,s,t
userInput,-23.898045265733884,0.9086541747310252,-0.08988046663383231,-2.6260946695832903,-8.325684873787306,-0.4405537550301624,-4.569790374807177,-0.5547632138742589,-2.15025225783608,-0.10333524262346944,-9.942285846056517,3.3938074504171354,-5.434386341065954,-1.9785028509001443,5.968228845908537,-4.9231071226939855,34.282969150653706,0.16283384455876937,-0.785783987537855,-0.17562672913472516
