catID,a,b,c,d,e,f,g,h,i,j,k,l,m,n,o,p,q,r,s,t
userInput,-23.89804526679229,0.908654176872462,-0.08988047011989611,-2.626094678579407,-8.325684876152316,-0.44055375626203774,-4.569790376476187,-0.5547631992243952,-2.1502522429227198,-0.10333523554880153,-9.942285853958134,3.393807468220341,-5.434386357804537,-1.9785028510638343,5.968228964734964,-4.923107143063995,34.28296916642403,0.16283384455854877,-0.7857839853745273,-0.1756267177479579
