catID,a,b,c,d,e,f,g,h,i,j,k,l,m,n,o,p,q,r,s,t
userInput,-23.898045266792327,0.9086541768723357,-0.08988047011989092,-2.6260946785796513,-8.32568487615226,-0.44055375626200965,-4.569790376476193,-0.5547631992244166,-2.1502522429226305,-0.10333523554899676,-9.942285853958163,3.3938074682201,-5.434386357804644,-1.9785028510638365,5.968228964734879,-4.923107143063676,34.2829691664247,0.1628338440510252,-0.7857839852958193,-0.1756267198977383
